"timestamp","user_info","question","answer","input_tokens","output_tokens"
"2025-06-11 16:59:25","101","観光","このシステムでは、FAQの管理（追加・編集・削除）、質問への自動回答、利用履歴の確認などができます。  ※この回答に不明点がある場合は、直接スタッフにお問い合わせください。","1","2"
"2025-06-11 16:59:40","101","ログイン","トップページの「管理者ログイン」ボタンから、企業IDとメールアドレス、パスワードを入力してログインできます。デモ修正","1","1"
"2025-06-13 16:20:28","101","観光","You can log in by entering your company ID, email address, and password from the ""Administrator Login"" button on the top page. Demo Modification  ※この回答に不明点がある場合は、直接スタッフにお問い合わせください。","1","25"
"2025-06-13 16:22:55","101","観光","当館から車で15分以内に、〇〇神社、△△美術館、□□公園などがございます。詳しい情報はフロントでご案内しております。","1","1"
"2025-06-16 12:11:23","101","観光","当館から車で15分以内に、〇〇神社、△△美術館、□□公園などがございます。詳しい情報はフロントでご案内しております。","1","1"
"2025-06-17 15:15:16","101","観光","当館から車で15分以内に、〇〇神社、△△美術館、□□公園などがございます。詳しい情報はフロントでご案内しております。","1","1"
"2025-06-22 22:20:47","101","観光","当館から車で15分以内に、〇〇神社、△△美術館、□□公園などがございます。詳しい情報はフロントでご案内しております。","1","1"
"2025-06-22 22:24:22","101","観光","当館から車で15分以内に、〇〇神社、△△美術館、□□公園などがございます。詳しい情報はフロントでご案内しております。","1","1"
"2025-06-22 22:42:30","101","観光","当館から車で15分以内に、〇〇神社、△△美術館、□□公園などがございます。詳しい情報はフロントでご案内しております。","1","1"
"2025-06-22 22:43:48","101","観光","当館から車で15分以内に、〇〇神社、△△美術館、□□公園などがございます。詳しい情報はフロントでご案内しております。修正２","1","1"
"2025-06-22 22:45:49","101","テスト可能","テストはいつでも一か月間出来ます。","1","1"
"2025-06-26 17:32:49","１０３","観光","当館から車で15分以内に、〇〇神社、△△美術館、□□公園などがございます。詳しい情報はフロントでご案内しております。修正２","1","1"
"2025-06-26 17:54:39","１０３","観光","当館から車で15分以内に、〇〇神社、△△美術館、□□公園などがございます。詳しい情報はフロントでご案内しております。修正２","1","1"
"2025-06-26 17:58:25","１０３","テスト可能","夜１０時以降は可能です。","1","1"
"2025-06-27 12:55:02","１０３","観光","当館から車で15分以内に、〇〇神社、△△美術館、□□公園などがございます。詳しい情報はフロントでご案内しております。修正２","1","1"
"2025-06-30 11:50:22","１０３","観光","当館から車で15分以内に、〇〇神社、△△美術館、□□公園などがございます。詳しい情報はフロントでご案内しております。修正２","1","1"
"2025-06-30 11:50:33","１０３","食事","地元の新鮮な食材を使った会席料理をご提供しています。朝食は和食または洋食からお選びいただけます。修正済","1","1"
"2025-06-30 11:50:50","１０３","식사는 어떻게?","현지의 신선한 식재료를 사용한 가이세키 요리를 제공합니다. 아침 식사는 일본식 또는 서양식 중에서 선택하실 수 있습니다.","2","16"
"2025-07-05 00:58:46","１０３","観光","当館から車で15分以内に、〇〇神社、△△美術館、□□公園などがございます。詳しい情報はフロントでご案内しております。修正２","1","1"
"2025-07-07 13:02:12","１０３","観光","当館から車で15分以内に、〇〇神社、△△美術館、□□公園などがございます。詳しい情報はフロントでご案内しております。修正２","1","1"
"2025-07-07 14:52:21","１０３","観光","当館から車で15分以内に、〇〇神社、△△美術館、□□公園などがございます。詳しい情報はフロントでご案内しております。修正２","1","1"
"2025-07-07 15:06:03","１０３","観光","当館から車で15分以内に、〇〇神社、△△美術館、□□公園などがございます。詳しい情報はフロントでご案内しております。修正２","1","1"
"2025-07-07 16:24:37","101","観光","当館から車で15分以内に、〇〇神社、△△美術館、□□公園などがございます。詳しい情報はフロントでご案内しております。修正２","1","1"
"2025-07-07 16:27:09","１０３","観光","当館から車で15分以内に、〇〇神社、△△美術館、□□公園などがございます。詳しい情報はフロントでご案内しております。修正２","1","1"
"2025-07-07 16:28:59","１０３","観光","当館から車で15分以内に、〇〇神社、△△美術館、□□公園などがございます。詳しい情報はフロントでご案内しております。修正２","1","1"
"2025-07-07 16:35:06","１０３","観光","当館から車で15分以内に、〇〇神社、△△美術館、□□公園などがございます。詳しい情報はフロントでご案内しております。修正２","1","1"
"2025-07-07 16:37:17","１０３","観光","当館から車で15分以内に、〇〇神社、△△美術館、□□公園などがございます。詳しい情報はフロントでご案内しております。修正２","1","1"
"2025-07-07 16:40:04","１０３","観光","当館から車で15分以内に、〇〇神社、△△美術館、□□公園などがございます。詳しい情報はフロントでご案内しております。修正２","1","1"
"2025-07-07 16:41:15","１０３","観光","当館から車で15分以内に、〇〇神社、△△美術館、□□公園などがございます。詳しい情報はフロントでご案内しております。修正２","1","1"
"2025-07-07 16:41:39","103","観光","当館から車で15分以内に、〇〇神社、△△美術館、□□公園などがございます。詳しい情報はフロントでご案内しております。修正２","1","1"
"2025-07-07 16:42:33","103","観光","当館から車で15分以内に、〇〇神社、△△美術館、□□公園などがございます。詳しい情報はフロントでご案内しております。修正２","1","1"
"2025-07-07 16:42:42","101","観光","当館から車で15分以内に、〇〇神社、△△美術館、□□公園などがございます。詳しい情報はフロントでご案内しております。修正２","1","1"
"2025-07-07 16:44:12","１０３","観光","当館から車で15分以内に、〇〇神社、△△美術館、□□公園などがございます。詳しい情報はフロントでご案内しております。修正２","1","1"
"2025-07-07 16:58:21","チェックインについて","観光","当館から車で15分以内に、〇〇神社、△△美術館、□□公園などがございます。詳しい情報はフロントでご案内しております。修正２","1","1"
"2025-07-07 17:46:04","１０３","観光","当館から車で15分以内に、〇〇神社、△△美術館、□□公園などがございます。詳しい情報はフロントでご案内しております。修正２","1","1"
"2025-07-07 17:51:22","１０３","観光","当館から車で15分以内に、〇〇神社、△△美術館、□□公園などがございます。詳しい情報はフロントでご案内しております。修正２","1","1"
"2025-07-07 18:03:38","101","観光","当館から車で15分以内に、〇〇神社、△△美術館、□□公園などがございます。詳しい情報はフロントでご案内しております。修正２","1","1"
"2025-07-07 18:13:42","101","駐車場","はい、無料の駐車場を提供しています。大型車の場合は事前にご連絡ください。","1","1"
"2025-07-08 11:57:37","１０３","観光","当館から車で15分以内に、〇〇神社、△△美術館、□□公園などがございます。詳しい情報はフロントでご案内しております。修正２","1","1"
"2025-07-08 17:47:26","101","観光","当館から車で15分以内に、〇〇神社、△△美術館、□□公園などがございます。詳しい情報はフロントでご案内しております。修正２","1","1"
"2025-07-09 11:42:19","101","観光","当館から車で15分以内に、〇〇神社、△△美術館、□□公園などがございます。詳しい情報はフロントでご案内しております。修正２","1","1"
"2025-07-09 17:27:20","１０３","食事について","地元の新鮮な食材を使った会席料理をご提供しています。朝食は和食または洋食からお選びいただけます。修正済","1","1"
"2025-07-09 17:27:38","１０３","遊びについて","Yes, children are very welcome. We provide yukata (light robes), slippers, and dining chairs for children.","1","16"
"2025-07-09 17:28:10","１０３","熱が出ていますが。","はい、お子様連れのお客様も大歓迎です。お子様用の浴衣やスリッパ、食事用の椅子もご用意しております。  ※この回答に不明点がある場合は、直接スタッフにお問い合わせください。","1","2"
"2025-07-09 17:32:17","１０４","熱が出ていますが。","申し訳ございません。その質問については担当者に確認する必要があります。しばらくお待ちいただけますでしょうか。  I apologize, but I need to check with our staff regarding that question. Could you please wait a moment?","1","20"
"2025-07-09 17:33:34","１０４","どこかに子供の遊び場はありますか？","はい、無料の駐車場を提供しています。大型車の場合は事前にご連絡ください。","1","1"
"2025-07-09 17:33:55","１０４","遊び場はありますか？","はい、無料の駐車場を提供しています。大型車の場合は事前にご連絡ください。","1","1"
"2025-07-09 17:34:19","１０４","お酒をのめるところは？","当館から車で15分以内に、〇〇神社、△△美術館、□□公園などがございます。詳しい情報はフロントでご案内しております。修正２","1","1"
"2025-07-09 17:35:07","１０４","病院を教えてください。","申し訳ございません。その質問については担当者に確認する必要があります。しばらくお待ちいただけますでしょうか。  I apologize, but I need to check with our staff regarding that question. Could you please wait a moment?","1","20"
"2025-07-09 17:35:39","１０４","観光","当館から車で15分以内に、〇〇神社、△△美術館、□□公園などがございます。詳しい情報はフロントでご案内しております。修正２","1","1"
"2025-07-09 17:37:23","１０４","病院を教えてください。","申し訳ございません。その質問については担当者に確認する必要があります。しばらくお待ちいただけますでしょうか。  I apologize, but I need to check with our staff regarding that question. Could you please wait a moment?","1","20"
"2025-07-09 17:43:22","１０４","病院を教えてください。","申し訳ございません。その質問については担当者に確認する必要があります。しばらくお待ちいただけますでしょうか。  I apologize, but I need to check with our staff regarding that question. Could you please wait a moment?","1","20"
"2025-07-09 17:46:43","１０４","病院を教えてください。","申し訳ございません。その質問については担当者に確認する必要があります。しばらくお待ちいただけますでしょうか。  I apologize, but I need to check with our staff regarding that question. Could you please wait a moment?","1","20"
"2025-07-09 17:47:20","１０４","観光","当館から車で15分以内に、〇〇神社、△△美術館、□□公園などがございます。詳しい情報はフロントでご案内しております。修正２","1","1"
"2025-07-09 17:47:30","１０４","食事について","地元の新鮮な食材を使った会席料理をご提供しています。朝食は和食または洋食からお選びいただけます。修正済","1","1"
"2025-07-09 17:48:00","１０１","観光","当館から車で15分以内に、〇〇神社、△△美術館、□□公園などがございます。詳しい情報はフロントでご案内しております。修正２","1","1"
"2025-07-10 09:30:48","１０１","観光","当館から車で15分以内に、〇〇神社、△△美術館、□□公園などがございます。詳しい情報はフロントでご案内しております。修正２","1","1"
"2025-07-10 09:31:15","１０１","食事","地元の新鮮な食材を使った会席料理をご提供しています。朝食は和食または洋食からお選びいただけます。修正済","1","1"
